"language","node","CAheight_95%_HPD","CAheight_mean","CAheight_median","CAheight_range","height","height_95%_HPD","height_median","height_range","length","length_95%_HPD","length_median","length_range","posterior","rate","rate_95%_HPD","rate_median","rate_range","glottocode","n_speakers","latitude","longitude","Hittite","log_speakers","taxonset"
"ArmenianEastern",1,NA,NA,NA,NA,2.42939147794879e-16,"0.0,8.881784197001252E-16",0,"0.0,1.7763568394002505E-15",4.54603380490837,"3.930107420846766,5.812644382878621",4.38604394271882,"2.9627038519359323,8.5987480531949",1,4.55859252256247,"1.4876173756066022,7.570984565811914",4.51303578853892,"0.5642888162091569,10.087380123203179","nucl1235",6,40,45,851.355126051574,1.79175946922805,"armenian"
"Assamese",2,NA,NA,NA,NA,2.42939147794879e-16,"0.0,8.881784197001252E-16",0,"0.0,3.552713678800501E-15",2.46598252936923,"1.45252840625955,3.2126214221327714",2.55038785210936,"0.8031326060029818,3.6103183421018814",1,7.1227192257079,"2.6118720812935776,12.29261163402363",6.81641975905178,"1.7215062599779474,25.424204440034206","assa1263",13,26.0876,91.2932,5377.24699923041,2.56494935746154,"indoaryan"
"Bengali",3,NA,NA,NA,NA,2.42939147794879e-16,"0.0,8.881784197001252E-16",0,"0.0,3.552713678800501E-15",2.46598252936923,"1.45252840625955,3.2126214221327714",2.55038785210936,"0.8031326060029818,3.6103183421018814",1,6.95330761412449,"2.5189655137414433,11.941626237460548",6.65723708115083,"1.5950561620295525,25.389885709020483","beng1280",260,24,90,5391.05303546344,5.56068163101553,"indoaryan"
"Hindi",4,NA,NA,NA,NA,2.44419280701834e-16,"0.0,8.881784197001252E-16",0,"0.0,2.6645352591003757E-15",1.64043559411111,"0.8446342777799054,2.3759111456516226",1.64286039821934,"0.4002123828645061,2.9599279943996533",1,6.10608177809902,"2.0387412594075434,10.966037530331455",5.70499463588567,"1.4292172288074358,26.535898967503137","hind1269",320,25,77,4229.6718982302,5.76832099579377,"indoaryan"
"Urdu",5,NA,NA,NA,NA,2.44419280701834e-16,"0.0,8.881784197001252E-16",0,"0.0,2.6645352591003757E-15",1.64041813692758,"0.8446342777799054,2.3759111456516226",1.64286039821934,"0.4002123828645061,2.9599279943996533",1,7.4339761145472,"2.7108894999549924,13.586527839739684",6.95649012925694,"1.8410466323985457,30.004323502769733","urdu1245",120,25,67,3406.46962195116,4.78749174278205,"indoaryan"
"Punjabi",6,NA,NA,NA,NA,2.42445770159228e-16,"0.0,8.881784197001252E-16",0,"0.0,3.552713678800501E-15",2.06179100343252,"1.3169604301471294,2.793429443023948",2.07772467911572,"0.7659931159709394,3.226301016502322",1,7.59040864192919,"2.8253786902389177,12.5167722421759",7.3033701792946,"2.1011766694037064,23.11493770529654","panj1256",113,30.0368,75.6702,3829.24304968156,4.72738781871234,"indoaryan"
"Marathi",7,NA,NA,NA,NA,2.4303782332201e-16,"0.0,8.881784197001252E-16",0,"0.0,3.552713678800501E-15",2.57358468554108,"1.917387473777021,3.1687479926188553",2.61329079435833,"1.1652748621173608,3.488148125943275",1,7.1043277958779,"3.1960490019765393,11.299145441606266",7.04113100959246,"2.047055050030417,20.6786411230974","mara1378",83,17.9344,76.6665,4677.4451036534,4.4188406077966,"indoaryan"
"Nepali",8,NA,NA,NA,NA,2.42939147794879e-16,"0.0,8.881784197001252E-16",0,"0.0,3.552713678800501E-15",2.63328046877141,"1.938736237246312,3.231373907890185",2.67923241887385,"1.1652748621173608,3.589872106243611",1,6.14568821401735,"2.610772964508945,9.59115017454782",6.09998014332954,"1.8668741047295534,15.540873730474747","nepa1254",16,28,85,4732.75876750629,2.77258872223978,"indoaryan"
"Pashto",9,NA,NA,NA,NA,2.4303782332201e-16,"0.0,8.881784197001252E-16",0,"0.0,2.6645352591003757E-15",3.53838716294877,"3.2953807531551638,3.8013043771772668",3.52150007169184,"2.7949388523210765,4.407495628293061",1,5.70983467337152,"2.624108177821516,8.702541134909275",5.74116925116973,"1.6442392691742704,10.99800068296864","nort2646",44,34,71.33,3270.94524379286,3.78418963391826,"iranian"
"KurdishCJafi",10,NA,NA,NA,NA,2.41952392523576e-16,"0.0,8.881784197001252E-16",0,"0.0,3.552713678800501E-15",2.79889065969064,"1.7929856057537927,3.620418854128433",2.86352379076556,"1.0557427721916914,4.151040109819488",1,6.63656240889289,"2.5309953619696923,11.013466873075037",6.51285185442259,"1.5333112197650758,19.390657363252185","cent1972",5.3,35.6539,45.8077,1064.12575418723,1.66770682055808,"iranian"
"PersianTehran",11,NA,NA,NA,NA,2.41952392523576e-16,"0.0,8.881784197001252E-16",0,"0.0,3.552713678800501E-15",2.79889065969064,"1.7929856057537927,3.620418854128433",2.86352379076556,"1.0557427721916914,4.151040109819488",1,6.36493044292749,"2.5014778010973586,10.556831403688458",6.23606283462567,"1.5333112197650758,18.212836737474902","west2369",40,32.9,53.3,1812.52691301066,3.68887945411394,"iranian"
"Danish",12,NA,NA,NA,NA,2.41952392523576e-16,"0.0,8.881784197001252E-16",0,"0.0,3.552713678800501E-15",2.0141133330703,"1.44940295891832,2.5508648668493716",2.03620718564508,"0.9283914738417698,2.7860378610317196",1,8.59214954380945,"3.5909079960041237,13.888459245321245",8.46304428080057,"2.3919121329832693,23.52936966133034","dani1285",5,54.8655,9.36284,2514.34647801546,1.6094379124341,"germanic"
"NorwegianBokmal",13,NA,NA,NA,NA,2.40669610670882e-16,"0.0,8.881784197001252E-16",0,"0.0,3.552713678800501E-15",1.44449960411125,"0.7603364482598907,2.090752547029001",1.44616823844743,"0.43916382120966624,2.448859722454841",1,9.25530084543352,"2.9967673692121655,16.00752540567201",8.80842914172567,"2.182595817901645,32.76163458404271","norw1258",5,59.92,10.71,2781.79475459462,1.6094379124341,"germanic"
"Swedish",14,NA,NA,NA,NA,2.40669610670882e-16,"0.0,8.881784197001252E-16",0,"0.0,3.552713678800501E-15",1.44449960411125,"0.7603364482598907,2.090752547029001",1.44616823844743,"0.43916382120966624,2.448859722454841",1,8.95786944377706,"2.945623465541683,15.572199002959339",8.5089751262486,"2.182595817901645,32.76163458404271","swed1254",8,59.800634,17.389526,2519.48724123459,2.07944154167984,"germanic"
"Dutch",15,NA,NA,NA,NA,2.42051068050706e-16,"0.0,8.881784197001252E-16",0,"0.0,2.6645352591003757E-15",1.98849215496112,"1.3263703287670259,2.5868149935852345",2.02359139983939,"0.6042231327880909,2.820079905549925",1,8.53033094108323,"3.29829924675831,14.18725725270327",8.31298672825248,"2.452469022701108,29.72716237137788","dutc1256",21,52,5,2646.40308537777,3.04452243772342,"germanic"
"German",16,NA,NA,NA,NA,2.42051068050706e-16,"0.0,8.881784197001252E-16",0,"0.0,2.6645352591003757E-15",1.98849215496112,"1.3263703287670259,2.5868149935852345",2.02359139983939,"0.6042231327880909,2.820079905549925",1,8.02241006232664,"2.9716368505999657,13.157102226313016",7.821807522942,"2.2719712461274773,29.72716237137788","stan1295",83,48.649,12.4676,2023.30467812331,4.4188406077966,"germanic"
"English",17,NA,NA,NA,NA,2.4323517437627e-16,"0.0,8.881784197001252E-16",0,"0.0,2.6645352591003757E-15",2.68283308048336,"2.3176102809118824,2.8999521186462927",2.72901604527697,"1.831912521578877,2.8999521186462927",1,6.81837509581461,"3.0911897941664197,10.433151640609676",6.86517721212464,"2.1011766694037064,13.219784814912558","stan1293",550,53,-1,3067.32852518812,6.30991827822652,"germanic"
"Catalan",18,NA,NA,NA,NA,2.44517956228965e-16,"0.0,8.881784197001252E-16",0,"0.0,2.6645352591003757E-15",0.825591725960853,"0.48478957621694896,1.1417355242275518",0.835816423367129,"0.3155791813957123,1.3557079177012548",1,15.4089748789235,"5.773701791657369,27.564674981043076",14.576804356951,"3.57383185189518,38.81844047519411","stan1289",4,41.453,1.569,2804.23155090946,1.38629436111989,"latinofaliscan"
"Spanish",19,NA,NA,NA,NA,2.44517956228965e-16,"0.0,8.881784197001252E-16",0,"0.0,2.6645352591003757E-15",0.825590421752388,"0.48478957621694896,1.1417355242275518",0.835816423367129,"0.3155791813957123,1.3557079177012548",1,15.606691095586,"5.900113741512514,27.569503501202497",14.825395444735,"3.57383185189518,38.81844047519411","stan1288",490,40.4414,-1.11788,3045.31100655881,6.19440539110467,"latinofaliscan"
"Portuguese",20,NA,NA,NA,NA,2.42347094632097e-16,"0.0,8.881784197001252E-16",0,"0.0,2.6645352591003757E-15",1.16737340135357,"0.8567741627307033,1.4637982340082267",1.18123826645991,"0.5053474494694479,1.5400583657502853",1,15.0879246796606,"6.087539261811018,24.235987255167252",14.757981273323,"4.299659563799152,36.63658901016271","port1283",220,39.91,-8.1,3636.8736609898,5.39362754635236,"latinofaliscan"
"Italian",21,NA,NA,NA,NA,2.43925903066183e-16,"0.0,8.881784197001252E-16",0,"0.0,3.552713678800501E-15",1.18551636540471,"0.8876278290242574,1.453309106187664",1.20091731380649,"0.566863128859342,1.5470249817717328",1,12.3995261775589,"5.0979895132707,19.609969461787912",12.2254517936457,"3.389936156698148,31.367163914420583","ital1282",61,43.0464,12.6489,1885.45167208446,4.11087386417331,"latinofaliscan"
"Romanian",22,NA,NA,NA,NA,2.39978881980969e-16,"0.0,8.881784197001252E-16",0,"0.0,2.6645352591003757E-15",1.45838043469129,"1.2816870206393212,1.5999958945379946",1.47524853130892,"0.7708790605140923,1.5999958945379946",1,11.7704355487416,"5.242276476845883,17.948965203284427",11.7580902555119,"3.389936156698148,25.030292364831404","roma1327",19,46.3913,24.2256,1124.26451521327,2.94443897916644,"latinofaliscan"
"French",23,NA,NA,NA,NA,2.41064312779403e-16,"0.0,8.881784197001252E-16",0,"0.0,1.7763568394002505E-15",1.53089232560753,"1.4000225298664235,1.5999787552149565",1.55012047937012,"1.063536123885497,1.5999787552149565",1,10.1890273709791,"4.602913051552894,15.527447860065088",10.2436041157023,"3.0916608262715126,22.409115512799428","stan1290",280,48,2,2760.73502996706,5.63478960316925,"latinofaliscan"
"Belarusian",24,NA,NA,NA,NA,2.40472259616621e-16,"0.0,8.881784197001252E-16",0,"0.0,2.6645352591003757E-15",1.69059581419784,"0.9806264798719466,2.374091189621169",1.69540838061807,"0.7081322450644709,2.7033943999361645",1,8.78164831020113,"3.3238503050649784,14.843670869017377",8.46454337398024,"2.2059076102653674,25.90180887778926","bela1254",3,53.2307,25.6038,1633.65411617789,1.09861228866811,"slavic"
"Russian",25,NA,NA,NA,NA,2.40965637252273e-16,"0.0,8.881784197001252E-16",0,"0.0,2.6645352591003757E-15",1.69330803120628,"0.9799090236591841,2.379298138649909",1.69826324607295,"0.7081322450644709,2.900430596266102",1,7.54140836570888,"2.8330131414741757,12.666138183466733",7.29054138079478,"1.9015917243514096,22.495436417930133","russ1263",150,59,50,2361.71396594678,5.01063529409626,"slavic"
"Ukrainian",26,NA,NA,NA,NA,2.41952392523576e-16,"0.0,8.881784197001252E-16",0,"0.0,1.7763568394002505E-15",1.96218216867901,"1.2926957477151984,2.624453357335783",1.96928391245018,"0.7507024431116305,2.9707981214708266",1,7.45578142950688,"2.962271940427374,12.21690153523306",7.26336064164982,"1.8520102271729557,20.935446719695445","ukra1253",32,49.796,29.945,1159.07027464625,3.46573590279973,"slavic"
"Czech",27,NA,NA,NA,NA,2.44320605174704e-16,"0.0,8.881784197001252E-16",0,"0.0,2.6645352591003757E-15",1.45528980725104,"0.7954549142369105,2.200796449593947",1.45568765895618,"0.4190415105635177,2.5016035172384945",1,8.40942353431906,"2.693410168873507,15.108596685969582",7.76731620541231,"1.9315353697670832,38.49116535245115","czec1258",10,49.873398,15.10437,1902.96809814313,2.30258509299405,"slavic"
"Slovak",28,NA,NA,NA,NA,2.44320605174704e-16,"0.0,8.881784197001252E-16",0,"0.0,2.6645352591003757E-15",1.45528980725104,"0.7954549142369105,2.200796449593947",1.45568765895618,"0.4190415105635177,2.5016035172384945",1,8.72361999449144,"2.8715507905721016,15.700268013196899",8.06947302125083,"1.9891308452736318,38.49116535245115","slov1269",4,48.545705,18.78479,1597.6087730306,1.38629436111989,"slavic"
"Polish",29,NA,NA,NA,NA,2.42939147794879e-16,"0.0,8.881784197001252E-16",0,"0.0,2.6645352591003757E-15",2.24118941656691,"1.6048714114591096,2.800134461298032",2.26588647116451,"1.039850548584908,3.0142367721320453",1,7.92449685849369,"3.3221038775993867,12.645823984871173",7.79584349996004,"1.9456399319813384,20.184157176001012","poli1260",38,51.8439,18.6255,1819.06667964224,3.63758615972639,"slavic"
"Bulgarian",30,NA,NA,NA,NA,2.44123254120443e-16,"0.0,8.881784197001252E-16",0,"0.0,2.6645352591003757E-15",1.75644999821116,"1.00234924991513,2.526355933823995",1.77295004318611,"0.5310938269719871,2.86931901782482",1,7.90196344476689,"2.471161985669257,14.502431786685664",7.37352549321628,"1.6062945858232054,24.25761624423233","bulg1262",7,43.3646,25.047,906.493230321179,1.94591014905531,"slavic"
"Macedonian",31,NA,NA,NA,NA,2.44123254120443e-16,"0.0,8.881784197001252E-16",0,"0.0,2.6645352591003757E-15",1.75644999821116,"1.00234924991513,2.526355933823995",1.77295004318611,"0.5310938269719871,2.86931901782482",1,7.84655070339279,"2.5314114881952037,14.52409109991754",7.3192106096504,"1.6062945858232054,24.103283244662425","mace1250",1,41.5957,21.7932,1124.62062127569,0,"slavic"
"SerboCroatian",32,NA,NA,NA,NA,2.42149743577837e-16,"0.0,8.881784197001252E-16",0,"0.0,2.6645352591003757E-15",2.55002468994088,"1.9524382350934646,3.0598266302881836",2.59413603909618,"1.1932191365770564,3.1610258288803847",1,4.04532469499694,"1.7387742370985877,6.342027748281167",4.01415323501992,"1.1221473006749778,9.209806670789117","croa1245",4,45.555,15.982,1665.48459025338,1.38629436111989,"slavic"
"Slovene",33,NA,NA,NA,NA,2.41755041469315e-16,"0.0,8.881784197001252E-16",0,"0.0,2.6645352591003757E-15",2.55312232800651,"1.950945811128157,3.082693518634301",2.59612025231927,"1.1932191365770564,3.1686421335060833",1,6.49718060287589,"2.737302430688287,10.257184985580365",6.44539835662359,"1.853889788506419,16.30996290013471","slov1268",2,46.2543,14.7766,1776.06041214752,0.693147180559945,"slavic"
"Latvian",34,NA,NA,NA,NA,2.42051068050706e-16,"0.0,8.881784197001252E-16",0,"0.0,1.7763568394002505E-15",2.70769986553012,"1.4871761907980012,3.758656619655307",2.78895195397789,"0.6914051932772853,4.417798761503683",1,6.89608658758852,"2.2812067371883806,12.421913332615189",6.42807395379026,"1.7234429626188674,28.70777988517821","stan1325",2,57,24,2050.75918969208,0.693147180559945,"baltic"
"Lithuanian",35,NA,NA,NA,NA,2.42051068050706e-16,"0.0,8.881784197001252E-16",0,"0.0,1.7763568394002505E-15",2.70769986553012,"1.4871761907980012,3.758656619655307",2.78895195397789,"0.6914051932772853,4.417798761503683",1,7.13510234096108,"2.4460980402551074,12.877913892589703",6.64993343634005,"1.7234429626188674,28.70777988517821","lith1251",2,55.1429,23.9601,1871.25575510473,0.693147180559945,"baltic"
"Greek",36,NA,NA,NA,NA,2.42939147794879e-16,"0.0,8.881784197001252E-16",0,"0.0,1.7763568394002505E-15",4.54370461572191,"3.921459022307724,5.7269002423913395",4.39948092566093,"2.9627038519359323,8.329004714339506",1,4.38962819401266,"1.6301167699758274,7.493689040499434",4.3389752320094,"0.4484910233247583,9.192277593476513","mode1248",13,38.36,23.13,1038.42876550598,2.56494935746154,"Greek"
