,Greek,ArmenianEastern,French,Catalan,Spanish,Portuguese,Italian,Romanian,Danish,NorwegianBokmal,Swedish,Dutch,German,English,Belarusian,Ukrainian,Russian,Czech,Slovak,Polish,Bulgarian,Macedonian,SerboCroatian,Slovene,Latvian,Lithuanian,Assamese,Bengali,Hindi,Urdu,Punjabi,Nepali,Marathi,PersianTehran,KurdishCJafi,Pashto
Greek,5.505251,0,0,0,0,0,0,0,0,0,0,0,0,0,0,0,0,0,0,0,0,0,0,0,0,0,0,0,0,0,0,0,0,0,0,0
ArmenianEastern,0,5.505251,0,0,0,0,0,0,0,0,0,0,0,0,0,0,0,0,0,0,0,0,0,0,0,0,0,0,0,0,0,0,0,0,0,0
French,0,0,9.774743,8.365585,8.365585,8.365585,8.223093,7.924093,4.157843,4.157843,4.157843,4.157843,4.157843,4.157843,3.04216,3.04216,3.04216,3.04216,3.04216,3.04216,3.04216,3.04216,3.04216,3.04216,3.04216,3.04216,2.351144,2.351144,2.351144,2.351144,2.351144,2.351144,2.351144,2.351144,2.351144,2.351144
Catalan,0,0,8.365585,9.774744,8.563863,8.563863,8.223093,7.924093,4.157843,4.157843,4.157843,4.157843,4.157843,4.157843,3.04216,3.04216,3.04216,3.04216,3.04216,3.04216,3.04216,3.04216,3.04216,3.04216,3.04216,3.04216,2.351144,2.351144,2.351144,2.351144,2.351144,2.351144,2.351144,2.351144,2.351144,2.351144
Spanish,0,0,8.365585,8.563863,9.774744,8.843489,8.223093,7.924093,4.157843,4.157843,4.157843,4.157843,4.157843,4.157843,3.04216,3.04216,3.04216,3.04216,3.04216,3.04216,3.04216,3.04216,3.04216,3.04216,3.04216,3.04216,2.351144,2.351144,2.351144,2.351144,2.351144,2.351144,2.351144,2.351144,2.351144,2.351144
Portuguese,0,0,8.365585,8.563863,8.843489,9.774743,8.223093,7.924093,4.157843,4.157843,4.157843,4.157843,4.157843,4.157843,3.04216,3.04216,3.04216,3.04216,3.04216,3.04216,3.04216,3.04216,3.04216,3.04216,3.04216,3.04216,2.351144,2.351144,2.351144,2.351144,2.351144,2.351144,2.351144,2.351144,2.351144,2.351144
Italian,0,0,8.223093,8.223093,8.223093,8.223093,9.774744,7.924093,4.157843,4.157843,4.157843,4.157843,4.157843,4.157843,3.04216,3.04216,3.04216,3.04216,3.04216,3.04216,3.04216,3.04216,3.04216,3.04216,3.04216,3.04216,2.351144,2.351144,2.351144,2.351144,2.351144,2.351144,2.351144,2.351144,2.351144,2.351144
Romanian,0,0,7.924093,7.924093,7.924093,7.924093,7.924093,9.774745,4.157843,4.157843,4.157843,4.157843,4.157843,4.157843,3.04216,3.04216,3.04216,3.04216,3.04216,3.04216,3.04216,3.04216,3.04216,3.04216,3.04216,3.04216,2.351144,2.351144,2.351144,2.351144,2.351144,2.351144,2.351144,2.351144,2.351144,2.351144
Danish,0,0,4.157843,4.157843,4.157843,4.157843,4.157843,4.157843,9.774745,9.368776,8.958955,7.642871,7.642871,7.642871,3.04216,3.04216,3.04216,3.04216,3.04216,3.04216,3.04216,3.04216,3.04216,3.04216,3.04216,3.04216,2.351144,2.351144,2.351144,2.351144,2.351144,2.351144,2.351144,2.351144,2.351144,2.351144
NorwegianBokmal,0,0,4.157843,4.157843,4.157843,4.157843,4.157843,4.157843,9.368776,9.774745,8.958955,7.642871,7.642871,7.642871,3.04216,3.04216,3.04216,3.04216,3.04216,3.04216,3.04216,3.04216,3.04216,3.04216,3.04216,3.04216,2.351144,2.351144,2.351144,2.351144,2.351144,2.351144,2.351144,2.351144,2.351144,2.351144
Swedish,0,0,4.157843,4.157843,4.157843,4.157843,4.157843,4.157843,8.958955,8.958955,9.774745,7.642871,7.642871,7.642871,3.04216,3.04216,3.04216,3.04216,3.04216,3.04216,3.04216,3.04216,3.04216,3.04216,3.04216,3.04216,2.351144,2.351144,2.351144,2.351144,2.351144,2.351144,2.351144,2.351144,2.351144,2.351144
Dutch,0,0,4.157843,4.157843,4.157843,4.157843,4.157843,4.157843,7.642871,7.642871,7.642871,9.774747,8.972862,8.031382,3.04216,3.04216,3.04216,3.04216,3.04216,3.04216,3.04216,3.04216,3.04216,3.04216,3.04216,3.04216,2.351144,2.351144,2.351144,2.351144,2.351144,2.351144,2.351144,2.351144,2.351144,2.351144
German,0,0,4.157843,4.157843,4.157843,4.157843,4.157843,4.157843,7.642871,7.642871,7.642871,8.972862,9.774747,8.031382,3.04216,3.04216,3.04216,3.04216,3.04216,3.04216,3.04216,3.04216,3.04216,3.04216,3.04216,3.04216,2.351144,2.351144,2.351144,2.351144,2.351144,2.351144,2.351144,2.351144,2.351144,2.351144
English,0,0,4.157843,4.157843,4.157843,4.157843,4.157843,4.157843,7.642871,7.642871,7.642871,8.031382,8.031382,9.774746,3.04216,3.04216,3.04216,3.04216,3.04216,3.04216,3.04216,3.04216,3.04216,3.04216,3.04216,3.04216,2.351144,2.351144,2.351144,2.351144,2.351144,2.351144,2.351144,2.351144,2.351144,2.351144
Belarusian,0,0,3.04216,3.04216,3.04216,3.04216,3.04216,3.04216,3.04216,3.04216,3.04216,3.04216,3.04216,3.04216,9.774744,9.569872,9.345586,8.685522,8.685522,8.685522,8.349925,8.349925,8.349925,8.263718,6.046337,6.046337,2.351144,2.351144,2.351144,2.351144,2.351144,2.351144,2.351144,2.351144,2.351144,2.351144
Ukrainian,0,0,3.04216,3.04216,3.04216,3.04216,3.04216,3.04216,3.04216,3.04216,3.04216,3.04216,3.04216,3.04216,9.569872,9.774744,9.345586,8.685522,8.685522,8.685522,8.349925,8.349925,8.349925,8.263718,6.046337,6.046337,2.351144,2.351144,2.351144,2.351144,2.351144,2.351144,2.351144,2.351144,2.351144,2.351144
Russian,0,0,3.04216,3.04216,3.04216,3.04216,3.04216,3.04216,3.04216,3.04216,3.04216,3.04216,3.04216,3.04216,9.345586,9.345586,9.774744,8.685522,8.685522,8.685522,8.349925,8.349925,8.349925,8.263718,6.046337,6.046337,2.351144,2.351144,2.351144,2.351144,2.351144,2.351144,2.351144,2.351144,2.351144,2.351144
Czech,0,0,3.04216,3.04216,3.04216,3.04216,3.04216,3.04216,3.04216,3.04216,3.04216,3.04216,3.04216,3.04216,8.685522,8.685522,8.685522,9.774745,9.419103,8.778204,8.349925,8.349925,8.349925,8.263718,6.046337,6.046337,2.351144,2.351144,2.351144,2.351144,2.351144,2.351144,2.351144,2.351144,2.351144,2.351144
Slovak,0,0,3.04216,3.04216,3.04216,3.04216,3.04216,3.04216,3.04216,3.04216,3.04216,3.04216,3.04216,3.04216,8.685522,8.685522,8.685522,9.419103,9.774745,8.778204,8.349925,8.349925,8.349925,8.263718,6.046337,6.046337,2.351144,2.351144,2.351144,2.351144,2.351144,2.351144,2.351144,2.351144,2.351144,2.351144
Polish,0,0,3.04216,3.04216,3.04216,3.04216,3.04216,3.04216,3.04216,3.04216,3.04216,3.04216,3.04216,3.04216,8.685522,8.685522,8.685522,8.778204,8.778204,9.774743,8.349925,8.349925,8.349925,8.263718,6.046337,6.046337,2.351144,2.351144,2.351144,2.351144,2.351144,2.351144,2.351144,2.351144,2.351144,2.351144
Bulgarian,0,0,3.04216,3.04216,3.04216,3.04216,3.04216,3.04216,3.04216,3.04216,3.04216,3.04216,3.04216,3.04216,8.349925,8.349925,8.349925,8.349925,8.349925,8.349925,9.774745,9.279134,8.971473,8.263718,6.046337,6.046337,2.351144,2.351144,2.351144,2.351144,2.351144,2.351144,2.351144,2.351144,2.351144,2.351144
Macedonian,0,0,3.04216,3.04216,3.04216,3.04216,3.04216,3.04216,3.04216,3.04216,3.04216,3.04216,3.04216,3.04216,8.349925,8.349925,8.349925,8.349925,8.349925,8.349925,9.279134,9.774745,8.971473,8.263718,6.046337,6.046337,2.351144,2.351144,2.351144,2.351144,2.351144,2.351144,2.351144,2.351144,2.351144,2.351144
SerboCroatian,0,0,3.04216,3.04216,3.04216,3.04216,3.04216,3.04216,3.04216,3.04216,3.04216,3.04216,3.04216,3.04216,8.349925,8.349925,8.349925,8.349925,8.349925,8.349925,8.971473,8.971473,9.774745,8.263718,6.046337,6.046337,2.351144,2.351144,2.351144,2.351144,2.351144,2.351144,2.351144,2.351144,2.351144,2.351144
Slovene,0,0,3.04216,3.04216,3.04216,3.04216,3.04216,3.04216,3.04216,3.04216,3.04216,3.04216,3.04216,3.04216,8.263718,8.263718,8.263718,8.263718,8.263718,8.263718,8.263718,8.263718,8.263718,9.774745,6.046337,6.046337,2.351144,2.351144,2.351144,2.351144,2.351144,2.351144,2.351144,2.351144,2.351144,2.351144
Latvian,0,0,3.04216,3.04216,3.04216,3.04216,3.04216,3.04216,3.04216,3.04216,3.04216,3.04216,3.04216,3.04216,6.046337,6.046337,6.046337,6.046337,6.046337,6.046337,6.046337,6.046337,6.046337,6.046337,9.774746,8.407977,2.351144,2.351144,2.351144,2.351144,2.351144,2.351144,2.351144,2.351144,2.351144,2.351144
Lithuanian,0,0,3.04216,3.04216,3.04216,3.04216,3.04216,3.04216,3.04216,3.04216,3.04216,3.04216,3.04216,3.04216,6.046337,6.046337,6.046337,6.046337,6.046337,6.046337,6.046337,6.046337,6.046337,6.046337,8.407977,9.774746,2.351144,2.351144,2.351144,2.351144,2.351144,2.351144,2.351144,2.351144,2.351144,2.351144
Assamese,0,0,2.351144,2.351144,2.351144,2.351144,2.351144,2.351144,2.351144,2.351144,2.351144,2.351144,2.351144,2.351144,2.351144,2.351144,2.351144,2.351144,2.351144,2.351144,2.351144,2.351144,2.351144,2.351144,2.351144,2.351144,9.774745,9.102816,8.246222,8.246222,8.246222,8.246222,8.039354,4.19743,4.19743,4.19743
Bengali,0,0,2.351144,2.351144,2.351144,2.351144,2.351144,2.351144,2.351144,2.351144,2.351144,2.351144,2.351144,2.351144,2.351144,2.351144,2.351144,2.351144,2.351144,2.351144,2.351144,2.351144,2.351144,2.351144,2.351144,2.351144,9.102816,9.774745,8.246222,8.246222,8.246222,8.246222,8.039354,4.19743,4.19743,4.19743
Hindi,0,0,2.351144,2.351144,2.351144,2.351144,2.351144,2.351144,2.351144,2.351144,2.351144,2.351144,2.351144,2.351144,2.351144,2.351144,2.351144,2.351144,2.351144,2.351144,2.351144,2.351144,2.351144,2.351144,2.351144,2.351144,8.246222,8.246222,9.774744,9.553043,9.373158,8.401226,8.039354,4.19743,4.19743,4.19743
Urdu,0,0,2.351144,2.351144,2.351144,2.351144,2.351144,2.351144,2.351144,2.351144,2.351144,2.351144,2.351144,2.351144,2.351144,2.351144,2.351144,2.351144,2.351144,2.351144,2.351144,2.351144,2.351144,2.351144,2.351144,2.351144,8.246222,8.246222,9.553043,9.774744,9.373158,8.401226,8.039354,4.19743,4.19743,4.19743
Punjabi,0,0,2.351144,2.351144,2.351144,2.351144,2.351144,2.351144,2.351144,2.351144,2.351144,2.351144,2.351144,2.351144,2.351144,2.351144,2.351144,2.351144,2.351144,2.351144,2.351144,2.351144,2.351144,2.351144,2.351144,2.351144,8.246222,8.246222,9.373158,9.373158,9.774744,8.401226,8.039354,4.19743,4.19743,4.19743
Nepali,0,0,2.351144,2.351144,2.351144,2.351144,2.351144,2.351144,2.351144,2.351144,2.351144,2.351144,2.351144,2.351144,2.351144,2.351144,2.351144,2.351144,2.351144,2.351144,2.351144,2.351144,2.351144,2.351144,2.351144,2.351144,8.246222,8.246222,8.401226,8.401226,8.401226,9.774744,8.039354,4.19743,4.19743,4.19743
Marathi,0,0,2.351144,2.351144,2.351144,2.351144,2.351144,2.351144,2.351144,2.351144,2.351144,2.351144,2.351144,2.351144,2.351144,2.351144,2.351144,2.351144,2.351144,2.351144,2.351144,2.351144,2.351144,2.351144,2.351144,2.351144,8.039354,8.039354,8.039354,8.039354,8.039354,8.039354,9.774745,4.19743,4.19743,4.19743
PersianTehran,0,0,2.351144,2.351144,2.351144,2.351144,2.351144,2.351144,2.351144,2.351144,2.351144,2.351144,2.351144,2.351144,2.351144,2.351144,2.351144,2.351144,2.351144,2.351144,2.351144,2.351144,2.351144,2.351144,2.351144,2.351144,4.19743,4.19743,4.19743,4.19743,4.19743,4.19743,4.19743,9.774747,8.39899,6.553236
KurdishCJafi,0,0,2.351144,2.351144,2.351144,2.351144,2.351144,2.351144,2.351144,2.351144,2.351144,2.351144,2.351144,2.351144,2.351144,2.351144,2.351144,2.351144,2.351144,2.351144,2.351144,2.351144,2.351144,2.351144,2.351144,2.351144,4.19743,4.19743,4.19743,4.19743,4.19743,4.19743,4.19743,8.39899,9.774747,6.553236
Pashto,0,0,2.351144,2.351144,2.351144,2.351144,2.351144,2.351144,2.351144,2.351144,2.351144,2.351144,2.351144,2.351144,2.351144,2.351144,2.351144,2.351144,2.351144,2.351144,2.351144,2.351144,2.351144,2.351144,2.351144,2.351144,4.19743,4.19743,4.19743,4.19743,4.19743,4.19743,4.19743,6.553236,6.553236,9.774745
